Order Date,Bill Count
2024-03-01,31
2024-03-02,39
2024-03-03,31
2024-03-04,19
2024-03-05,23
2024-03-06,24
2024-03-07,17
2024-03-08,25
2024-03-09,39
2024-03-10,25
2024-03-11,17
2024-03-12,23
2024-03-13,22
2024-03-14,17
2024-03-15,36
2024-03-16,53
2024-03-17,33
2024-03-18,24
2024-03-19,34
2024-03-20,26
2024-03-21,20
2024-03-22,35
2024-03-23,44
2024-03-24,26
2024-03-25,19
2024-03-26,28
2024-03-27,25
2024-03-28,21
2024-03-29,35
2024-03-30,38
2024-03-31,25
2024-04-01,20
2024-04-02,26
2024-04-03,28
2024-04-04,24
2024-04-05,42
2024-04-06,67
2024-04-07,69
2024-04-08,52
2024-04-09,54
2024-04-10,53
2024-04-11,53
2024-04-12,60
2024-04-13,63
2024-04-14,68
2024-04-15,47
2024-04-16,56
2024-04-17,57
2024-04-18,26
2024-04-19,34
2024-04-20,48
2024-04-21,32
2024-04-22,24
2024-04-23,31
2024-04-24,26
2024-04-25,15
2024-04-26,15
2024-04-27,21
2024-04-28,16
2024-04-29,14
2024-04-30,16
2024-05-01,17
2024-05-02,22
2024-05-03,24
2024-05-04,27
2024-05-05,19
2024-05-06,18
2024-05-07,16
2024-05-08,16
2024-05-09,23
2024-05-10,30
2024-05-11,29
2024-05-12,19
2024-05-13,20
2024-05-14,23
2024-05-15,20
2024-05-16,24
2024-05-17,40
2024-05-18,50
2024-05-19,43
2024-05-20,35
2024-05-21,48
2024-05-22,42
2024-05-23,46
2024-05-24,63
2024-05-25,70
2024-05-26,62
2024-05-27,50
2024-05-28,56
2024-05-29,52
2024-05-30,42
2024-05-31,43
2024-06-01,51
2024-06-02,41
2024-06-03,28
2024-06-04,23
2024-06-05,23
2024-06-06,28
2024-06-07,41
2024-06-08,50
2024-06-09,35
2024-06-10,27
2024-06-11,28
2024-06-12,29
2024-06-13,25
2024-06-14,36
2024-06-15,47
2024-06-16,30
2024-06-17,22
2024-06-18,31
2024-06-19,29
2024-06-20,21
2024-06-21,29
2024-06-22,42
2024-06-23,25
2024-06-24,17
2024-06-25,25
2024-06-26,28
2024-06-27,24
2024-06-28,28
2024-06-29,41
2024-06-30,28
2024-07-01,16
2024-07-02,21
2024-07-03,29
2024-07-04,28
2024-07-05,29
2024-07-06,36
2024-07-07,24
2024-07-08,16
2024-07-09,16
2024-07-10,20
2024-07-11,25
2024-07-12,33
2024-07-13,35
2024-07-14,26
2024-07-15,23
2024-07-16,27
2024-07-17,27
2024-07-18,28
2024-07-19,37
2024-07-20,46
2024-07-21,38
2024-07-22,32
2024-07-23,33
2024-07-24,30
2024-07-25,23
2024-07-26,36
2024-07-27,46
2024-07-28,40
2024-07-29,36
2024-07-30,36
2024-07-31,42
2024-08-01,38
2024-08-02,48
2024-08-03,46
2024-08-04,33
2024-08-05,24
2024-08-06,24
2024-08-07,28
2024-08-08,26
2024-08-09,38
2024-08-10,48
2024-08-11,33
2024-08-12,29
2024-08-13,37
2024-08-14,34
2024-08-15,24
2024-08-16,38
2024-08-17,51
2024-08-18,33
2024-08-19,24
2024-08-20,26
2024-08-21,28
2024-08-22,18
2024-08-23,29
2024-08-24,40
2024-08-25,29
2024-08-26,20
2024-08-27,24
2024-08-28,28
2024-08-29,24
2024-08-30,36
2024-08-31,44
2024-09-01,35
2024-09-02,26
2024-09-03,25
2024-09-04,26
2024-09-05,25
2024-09-06,34
2024-09-07,42
2024-09-08,27
2024-09-09,19
2024-09-10,21
2024-09-11,21
2024-09-12,19
2024-09-13,31
2024-09-14,49
2024-09-15,32
2024-09-16,22
2024-09-17,24
2024-09-18,25
2024-09-19,25
2024-09-20,35
2024-09-21,48
2024-09-22,31
2024-09-23,19
2024-09-24,27
2024-09-25,28
2024-09-26,29
2024-09-27,40
2024-09-28,41
2024-09-29,25
2024-09-30,24
2024-10-01,37
2024-10-02,29
2024-10-03,35
2024-10-04,46
2024-10-05,50
2024-10-06,31
2024-10-07,25
2024-10-08,33
2024-10-09,29
2024-10-10,23
2024-10-11,38
2024-10-12,54
2024-10-13,36
2024-10-14,24
2024-10-15,27
2024-10-16,26
2024-10-17,24
2024-10-18,37
2024-10-19,47
2024-10-20,29
2024-10-21,19
2024-10-22,22
2024-10-23,27
2024-10-24,29
2024-10-25,32
2024-10-26,40
2024-10-27,27
2024-10-28,20
2024-10-29,23
2024-10-30,28
2024-10-31,34
2024-11-01,43
2024-11-02,46
2024-11-03,33
2024-11-04,29
2024-11-05,29
2024-11-06,23
2024-11-07,22
2024-11-08,38
2024-11-09,52
2024-11-10,24
2024-11-11,17
2024-11-12,24
2024-11-13,22
2024-11-14,23
2024-11-15,38
2024-11-16,54
2024-11-17,32
2024-11-18,18
2024-11-19,29
2024-11-20,28
2024-11-21,25
2024-11-22,31
2024-11-23,43
2024-11-24,28
2024-11-25,21
2024-11-26,32
2024-11-27,30
2024-11-28,28
2024-11-29,41
2024-11-30,57
2024-12-01,30
2024-12-02,20
2024-12-03,34
2024-12-04,28
2024-12-05,26
2024-12-06,45
2024-12-07,66
2024-12-08,39
2024-12-09,21
2024-12-10,28
2024-12-11,24
2024-12-12,21
2024-12-13,35
2024-12-14,56
2024-12-15,33
2024-12-16,17
2024-12-17,28
2024-12-18,33
2024-12-19,27
2024-12-20,41
2024-12-21,55
2024-12-22,34
2024-12-23,20
2024-12-24,31
2024-12-25,30
2024-12-26,32
2024-12-27,48
2024-12-28,62
2024-12-29,35
2024-12-30,27
2024-12-31,34
2025-01-01,30
2025-01-02,29
2025-01-03,39
2025-01-04,47
2025-01-05,27
2025-01-06,28
2025-01-07,33
2025-01-08,29
2025-01-09,29
2025-01-10,37
2025-01-11,43
2025-01-12,28
2025-01-13,24
2025-01-14,27
2025-01-15,27
2025-01-16,29
2025-01-17,37
2025-01-18,48
2025-01-19,34
2025-01-20,34
2025-01-21,33
2025-01-22,31
2025-01-23,32
2025-01-24,45
2025-01-25,57
2025-01-26,51
2025-01-27,57
2025-01-28,52
2025-01-29,46
2025-01-30,48
2025-01-31,58
2025-02-01,67
2025-02-02,44
2025-02-03,33
2025-02-04,31
2025-02-05,24
2025-02-06,22
2025-02-07,37
2025-02-08,58
2025-02-09,32
2025-02-10,21
2025-02-11,31
2025-02-12,26
2025-02-13,20
2025-02-14,42
2025-02-15,67
2025-02-16,44
2025-02-17,24
2025-02-18,30
2025-02-19,26
2025-02-20,19
2025-02-21,37
2025-02-22,53
2025-02-23,28
2025-02-24,20
2025-02-25,27
2025-02-26,28
2025-02-27,23
2025-02-28,36
